Type,Mean Attack,Mean Defense,Mean HP
Bug,30.0,35.0,45.0
Fire,66.66666666666667,59.666666666666664,58.333333333333336
Flying,84.0,78.0,78.0
Grass,64.33333333333333,65.0,61.666666666666664
Poison,64.33333333333333,65.0,61.666666666666664
Water,64.66666666666667,81.66666666666667,60.666666666666664
